{"cameraMode":{"drawMode":0,"name":"Shaded","section":"Shading Mode"},"sceneLighting":true,"audioPlay":false,"sceneViewState":{"showFog":true,"showMaterialUpdate":true,"showSkybox":true,"showFlares":true,"showImageEffects":true,"showParticleSystems":true},"in2DMode":false,"pivot":{"x":-23.396528244018556,"y":33.96411895751953,"z":61.72908020019531},"rotation":{"x":0.06108435243368149,"y":0.9364451169967651,"z":-0.27685046195983889,"w":0.2066229283809662},"size":6.114536285400391,"orthographic":false}