{"cameraMode":{"drawMode":0,"name":"Shaded","section":"Shading Mode"},"sceneLighting":true,"audioPlay":false,"sceneViewState":{"showFog":true,"showMaterialUpdate":true,"showSkybox":true,"showFlares":true,"showImageEffects":true,"showParticleSystems":true},"in2DMode":false,"pivot":{"x":-5.259912967681885,"y":9.269530296325684,"z":27.239938735961915},"rotation":{"x":-0.000015957988580339588,"y":0.7049518823623657,"z":-0.7092551589012146,"w":-0.000014108541108726058},"size":67.80218505859375,"orthographic":false}