{"cameraMode":{"drawMode":0,"name":"Shaded","section":"Shading Mode"},"sceneLighting":false,"audioPlay":false,"sceneViewState":{"showFog":true,"showMaterialUpdate":false,"showSkybox":true,"showFlares":true,"showImageEffects":true,"showParticleSystems":true},"in2DMode":false,"pivot":{"x":21.5169734954834,"y":-9.51401138305664,"z":10.367671966552735},"rotation":{"x":0.10957001894712448,"y":0.8900264501571655,"z":-0.32686376571655276,"w":0.29834112524986269},"size":83.33949279785156,"orthographic":false}