{"cameraMode":{"drawMode":0,"name":"Shaded","section":"Shading Mode"},"sceneLighting":false,"audioPlay":false,"sceneViewState":{"showFog":true,"showMaterialUpdate":false,"showSkybox":true,"showFlares":true,"showImageEffects":true,"showParticleSystems":true},"in2DMode":false,"pivot":{"x":-29.120624542236329,"y":1.2685294151306153,"z":-23.444068908691408},"rotation":{"x":0.07732077687978745,"y":-0.6780487895011902,"z":0.07208038121461868,"w":0.7273759841918945},"size":10.283965110778809,"orthographic":false}